,Brewery,brewery_id,review_overall,latitude,longitude,google_rating
1,16 Mile Brewing Company,20688,3.57,38.67881819999999,-75.378136,4.6
3,192 Brewing Company,22972,1.83,47.756803,-122.242008,4.1
6,21st Amendment Brewery,735,3.7,37.7824704,-122.3925119,4.3
7,23rd Street Brewery,9167,3.9,38.9430226,-95.2810662,4.3
8,2nd Shift Brewery,24428,3.77,38.6214925,-90.2807608,4.8
11,3 Stars Brewing Company,25696,3.17,38.967491,-77.012626,4.6
14,4th Street Brewing Company,3087,3.58,45.479688,-122.402233,5
16,5 Rabbit Cerveceria,25544,3.6,41.75796,-87.7802121,4.7
18,508 Gastrobrewery,25860,4.25,40.7257239,-74.00940229999999,3.4
21,7 Seas Brewery and Taproom,20658,3.58,47.2421769,-122.4388206,4.6
22,75th Street Brewery,2143,3.6,38.9926366,-94.5960459,4.4
25,A1A Aleworks,3972,3.49,29.8921778,-81.3111733,4.1
43,Aiken Brewing Company,9035,4.06,33.5602765,-81.7226898,4.3
45,Airways Brewing Company,22536,3.76,47.411573,-122.2248399,4.6
50,Alameda Brewhouse,2980,3.91,45.548459,-122.6136389,3.9
54,Ale Asylum,13837,3.93,43.120465,-89.354151,4.2
56,Ale Industries,19890,3.6,37.776209,-122.2281964,4.7
57,AleSmith Brewing Company,396,4.17,32.888186,-117.1498484,4.7
59,All Stars Bakery,16991,3.46,43.7884986,-79.4735867,4
60,Allagash Brewing Company,4,4.06,43.7031477,-70.3176931,4.8
62,Allentown Brew Works,16096,3.6,40.601427,-75.474139,4.4
65,Alligator Brewing Company,25133,4.0,29.6503718,-82.3245663,4.1
66,Alpine Beer Company,3120,4.21,32.8351644,-116.7626535,4.7
67,Alpine Brewing Company,1586,3.74,32.8351644,-116.7626535,4.7
76,Ambacht Brewing,21834,3.97,45.5326342,-122.9562204,4.9
79,American Brewing Company,24831,3.59,47.808894,-122.3869787,4.4
80,American Honor Beer Company,26529,3.07,41.255056,-75.8576104,0
81,Amerisports Brew Pub,2423,3.5,39.1505551,-94.48476110000001,4.1
82,Amicas,11006,3.92,38.5356,-105.992075,4.6
83,Amnesia Brewing,9685,3.82,45.578277,-122.351972,3.8
85,Amsterdam Brewing Company,769,3.48,43.7064069,-79.3566532,4.3
86,Anacapa Brewing Company,3965,3.58,34.2806759,-119.2935844,4.4
88,Anaheim Brewery,25926,3.67,33.8327523,-117.9124608,4.4
91,Ancient Lakes Brewing Company,26409,3.5,47.2514958,-119.9464063,1
92,Anderson Valley Brewing Company,193,3.87,39.0011005,-123.3559362,4.8
95,Angel City Brewing,1011,3.16,34.0462613,-118.237693,4.5
97,Angry Cedar Brewing Company,23223,2.8,42.7081294,-92.4803577,0
98,Angry Minnow Brewpub,11241,3.65,46.0105497,-91.4888447,4.3
102,Apex Brewing Company,9570,4.25,38.831123,-121.1881255,4.5
103,Appalachian Brewing Company,18968,3.75,40.2657797,-76.8754597,4.3
107,Arcadia Brewing Company,454,3.67,42.2953297,-85.57120069999999,4.4
110,Argus Brewery,22920,3.32,41.6885567,-87.61203719999999,4.7
112,Armadillo Ale Works,25668,4.25,33.212759,-97.128081,4.7
119,Asher Brewing Company,21982,3.31,40.058659,-105.206043,4.4
120,Asheville Brewing Company,11597,3.76,35.622105,-82.553709,4.6
122,Ass Clown Brewing,25730,4.04,35.4575426,-80.8548588,4.7
126,Atlantic Brewing Company,378,3.64,44.3997539,-68.3336473,4.5
127,Atlas Brewery Ltd,3401,3.77,38.914857,-76.98143499999999,4.5
129,Atomic Ale Brewpub And Eatery,9538,2.8,46.2745529,-119.2773327,4.3
134,August Schell Brewing Company,417,3.82,44.2896307,-94.44897379999999,4.7
135,Augusta Brewing Company,3777,3.72,38.5703217,-90.88039169999999,3.9
136,Austin Beerworks,25667,3.84,30.379575,-97.72984799999999,4.7
140,Avalon Brewing,2582,3.5,39.0638185,-74.7479232,3.9
141,Avery Brewing Company,30,3.81,40.0625629,-105.2047427,4.6
143,Aviator Brewing Company,18635,3.86,35.6197983,-78.8085238,4.1
144,Avondale Brewing Company,25916,4.38,33.5245451,-86.7741712,4.7
147,Azalea Coast Brewery,12362,2.88,32.8735877,-79.9720038,4.7
148,Aztec Brewing Company,27632,3.72,33.1496945,-117.2299346,4.5
154,Back Road Brewery,668,3.6,41.611426,-86.72734450000002,4.6
159,Backlash Beer Company,26554,4.07,42.3277367,-71.07483069999999,5
160,Backwoods Brewing,879,3.0,45.7290354,-121.8198036,4.8
175,Baltimore Brewing Company,899,3.8,39.33144009999999,-76.64139229999999,4.6
177,Bandersnatch Brewpub,2959,3.88,33.4253705,-111.9369337,0
178,Bandwagon Brew Pub,21737,3.3,42.6161593,-76.7281368,4.8
180,Bank Street Brewing,740,3.88,45.4107812,-75.693246,4.5
182,Bar Harbor Brewing Company,347,4.18,44.3997539,-68.3336473,4.5
186,Barefoot Brewery,13298,4.0,29.2863749,-94.7942442,4.1
188,Barley Creek Brewing Company,835,3.26,41.0523556,-75.3287526,4.3
189,Barley Days Brewery,12949,2.97,43.9925443,-77.1873719,3.9
190,Barley Island Brewing Company,1445,3.71,40.0453506,-86.01549949999999,4.2
194,Baron Brewing,4398,3.47,47.5196011,-122.3119343,0
199,Barrier Brewing Company,22928,3.88,40.639333,-73.65611,4.7
200,Barrio Brewing Company,16813,3.53,33.3107322,-111.669892,4.3
205,Bat Creek Brewery,25865,3.77,39.3416704,-91.1933298,5
207,Battered Boar Brewing Company,20998,2.78,35.619996,-97.50849,4.5
209,Battlefield Brewing Co At The Pub,21508,2.4,38.2901764,-77.5359969,4.2
212,Bavarian Barbarian Brewing Company,16814,3.76,43.6174689,-116.2065566,4.8
213,Bavarian Brauhaus,16011,4.25,39.1720959,-76.7360825,4
217,Baying Hound Aleworks,23688,2.77,39.09402559999999,-77.1353486,4.9
218,Bayou Teche Brewery,22408,3.56,30.39121,-91.926526,4.8
221,Beach Chalet Brewery and Restaurant,882,3.7,37.7694643,-122.5100964,3.9
223,Bear Creek Brewing Company,10843,3.71,35.4914328,-106.065484,4.7
226,Beaver Beer Company,27742,3.67,40.759107,-80.31920199999999,4.6
228,Beaver Creek Brewery,18383,4.0,46.987132,-104.188346,4.9
230,Becker Brewing Company,20988,3.8,43.224771,-78.5595146,4.3
235,Beer Here,19476,3.97,43.0839521,-75.3275012,4.8
246,Belmont Brewing Company,460,3.42,33.7593014,-118.1482119,4.4
250,Bend Brewing Company,361,3.83,44.0604349,-121.3138513,4.3
253,Benny Brewing Company,24757,4.5,41.22255630000001,-75.94052590000001,4.6
254,Bent River Brewing Company,5443,3.8,41.5074806,-90.5667955,4.7
262,Berryessa Brewing Co,27322,4.25,38.51367339999999,-122.003327,4.9
263,Berwick Brewing Company,16818,4.22,41.051952,-76.237875,4.6
264,Bethlehem Brew Works,1636,3.79,40.62200199999999,-75.38215199999999,4.2
268,BierWerks Brewery,23876,4.25,38.9941465,-105.0519486,4.3
284,Big Al Brewing,18081,3.78,47.5143089,-122.3525048,4.6
285,Big Bear Brewing Company,5489,3.52,26.2535228,-80.25362129999999,4.5
286,Big Bear Mountain Brewery,4916,2.17,34.239085,-116.923673,3.7
287,Big Boss Brewing,15189,3.84,35.8100308,-78.61706459999999,4.6
294,Big Muddy Brewing,21396,3.31,37.7843332,-89.3315914,4.9
304,Birdsong Brewing,27879,3.5,35.230652,-80.82653599999999,4.7
305,Birdsview Brewing Company,15034,3.62,48.5281719,-121.9129795,4.6
359,Bitter Creek Brewing Company,10590,3.79,41.5869554,-109.217864,4.2
360,Bitter End Brewery and Bistro,844,4.03,30.2000418,-97.86794669999999,4.1
361,Bitter Root Brewing,7406,3.84,46.247208,-114.154306,4.6
362,Black Bear Brewery,20873,3.48,34.6935413,-86.748369,4.6
366,Black Forest Brew Haus,2669,3.91,40.7550384,-73.4144251,4
367,Black Fox Brewing,21984,4.0,38.8098644,-104.8257169,0
369,Black Husky Brewing,23018,3.89,43.0709441,-87.9000271,4.7
371,Black Lotus Brewery,13402,3.64,42.5336691,-83.146065,4.3
374,Black Swan Brewpub,24007,4.28,39.6742771,-86.3731626,4
375,Black Tooth Brewing Company,24529,3.25,44.8009273,-106.9537799,4.6
377,Blackfoot River Brewing Company,2253,4.06,46.5863014,-112.0418152,4.8
378,Blacksburg Brewing Company,4111,4.24,37.2152108,-80.4010524,4.7
379,Blacksmith Brewing,18536,4.14,46.511631,-114.0926286,4.8
380,Blackwater Brewing Company,1899,3.23,39.1416533,-79.4983589,4.3
386,Blue Canoe Brewery,18254,4.0,41.6265844,-79.67359549999999,4.4
387,Blue Cat Brew Pub,4237,3.58,41.51173,-90.5743475,4.3
388,Blue Corn Brewery,2436,3.82,35.6386229,-106.0154819,4
389,Blue Corn Cafe and Brewery,2434,4.12,35.6386229,-106.0154819,4
390,Blue Heron BrewPub,12502,3.79,44.6595428,-90.1793849,4.3
391,Blue Heron Brewing Company,24829,3.56,35.99009420000001,-106.0807325,4.2
392,Blue Hills Brewery,19213,3.49,42.2158315,-71.1190756,4.2
394,Blue Lab Brewing Company,27241,2.25,37.7828337,-79.44336919999999,3.6
396,Blue Mountain Brewery,16352,3.97,38.016134,-78.821844,4.5
397,Blue Pants Brewery LLC,23966,3.89,34.684948,-86.73853,4.3
398,Blue Point Brewing Company,764,3.8,40.7592287,-73.02158829999999,4.5
399,Blue Star Brewing Company,2101,3.62,29.409524,-98.495312,4
401,Boak Beverage,16792,3.47,41.0038165,-74.29199650000001,3.5
406,Bohemian Brewery,1949,3.97,40.6203847,-111.888257,4.6
407,Bold City Brewery,17284,3.72,30.318992,-81.6954356,4.8
409,Bomb Beer Company,25889,3.17,39.800358,-89.6503704,4.8
410,Bonaventure Brewing,1012,3.42,34.0525714,-118.2560081,3.5
413,Boneyard Beer Company,23066,4.23,44.0906834,-121.2935858,5
420,Boston Breweries,3173,4.5,42.3146488,-71.1029118,4.7
421,Boulder Creek Brewing,980,3.0,37.1529195,-122.1336714,4.6
425,Boylan Bridge Brewpub,19314,3.72,35.7781498,-78.6491685,3.8
428,Bozeman Brewing Company,3820,3.75,45.6846267,-111.0239183,4.6
431,Brainerd Lakes Brewery,20657,3.28,46.3572696,-94.18687659999999,4.7
494,Brasserie Dieu Du Ciel,1141,3.99,45.5226996,-73.5934128,4.7
503,Brasserie Dunham,13905,3.52,45.13046500000001,-72.800523,4.4
508,Brasserie Gigi,3328,3.83,32.7810075,-79.9309397,4.4
538,Brasserie Saint Donat,11754,3.83,46.3207903,-74.2248781,4.7
570,Brasseurs Du Monde,25775,3.5,45.6351848,-72.9840112,4.5
571,Brasseurs Sans Gluten,26534,2.25,45.5674036,-73.5372845,4.4
714,Breaker Brewing Company,19304,3.77,41.2253184,-75.8688499,4.6
716,Breakwater Brewing,17988,3.36,33.1950924,-117.3791266,4.2
717,Breckenridge Brewery,2137,3.57,39.4761769,-106.0438371,4.4
718,Brecknock Brewing,21334,3.57,40.237418,-76.072312,4.1
721,Brenham Brewing Company,3816,3.67,30.1645023,-96.3985648,4.7
725,Brew It Up,8395,3.59,38.5851415,-121.2551204,4.8
726,Brew It Up Davis,1972,3.7,38.5446254,-121.7395781,4.7
729,Brewbaker,16242,3.86,32.374393,-86.210498,4.1
731,Brewbakers Brewing,3915,3.78,36.3298981,-119.2906706,4.5
734,Brewers Union Local 180,18250,3.64,43.74797,-122.456846,4.6
736,Brewery Ommegang,42,4.03,42.626822,-74.945662,4.5
737,Brewery Vivant,24678,3.69,42.9597264,-85.6462576,4.7
741,Brick House Brewery,873,3.84,42.1512663,-77.0610111,4.4
743,Brickworks Brewing,21882,3.83,39.2989103,-75.6000228,4.4
745,Bridge Brew Works LLC,22611,4.02,38.01651,-81.11368,4.6
752,Bristol Brewing Company,848,3.76,38.8112363,-104.8273919,4.3
753,Broad Ripple Brew Pub,1454,4.07,39.8735658,-86.1428589,4.4
754,Broadhead Brewing Company,27195,3.0,45.3277614,-75.71164139999999,4.7
758,Broken Drum Brewery And Wood Grill,981,3.5,37.9733896,-122.5290004,4
760,Brooklyn Brewery,45,3.91,40.7217239,-73.9571722,4.4
761,Brooksville Brewing Company,23590,2.25,28.5342171,-82.52443559999999,4.8
762,Brothers Brewing Company,795,4.12,43.5450408,-80.2480952,4.6
765,Broue Pub Brouhaha,17752,3.62,45.5423864,-73.58835479999999,4.5
839,Brouwerij West,23628,3.67,33.727299,-118.280219,4.7
858,Brugge Brasserie,11269,4.0,39.87055,-86.1412,4.4
859,Brutopia,815,3.41,45.4967386,-73.57442499999999,4.2
868,Buckeye Brewing Company,1837,3.76,41.477101,-81.80434199999999,4.5
870,Buckman Botanical Brewery,23924,3.62,45.5159562,-122.6564402,4.5
871,Budge Brothers Brewery,25685,2.94,47.6578182,-117.3799374,4.6
872,Buffalo Brewpub,9008,2.76,42.9649636,-78.6979289,4.2
875,Bull City Burger And Brewery,25220,4.0,35.995494,-78.899776,4.4
876,Bull Falls Brewery,16271,3.82,44.9514864,-89.61749859999999,4.7
879,Bullfrog Brewery,1114,4.04,41.240337,-77.005665,4.3
885,Burley Oak Brewery,26749,3.5,38.3336437,-75.21697759999999,4.8
890,Butte Creek Brewing Company,762,3.5,39.1234171,-123.1975791,0
893,Buzzards Bay Brewing,52,3.78,41.567758,-71.050101,4.7
896,CANOE Brewpub,6272,3.84,48.4296485,-123.3710216,4.3
897,COAST Brewing Company,16354,4.25,32.8735877,-79.9720038,4.7
898,CP Brewery at Brews and Cues,17894,3.5,39.1351056,-76.5862689,4.3
899,Calapooia Brewing Company,15636,3.98,44.6392607,-123.0940026,4.3
900,Caldera Brewing Company,1075,3.95,42.1819009,-122.662854,4.5
901,Calfkiller Brewing Company,25232,3.89,35.9448297,-85.4210332,4.9
902,California Brewing Company,3114,2.79,38.2721299,-122.6626671,4.7
903,Cambridge Brewing Company,14,4.05,42.366361,-71.09128299999999,4.2
906,Camo Brewing Company,881,1.96,36.1166282,-115.1038904,0
907,Cannery Brewing Company,4049,3.69,36.6155272,-121.9007828,3.9
908,Cannon Brew Pub,5246,3.54,32.4663506,-84.9936999,4.3
909,Cans Bar And Canteen,15179,3.5,41.9117151,-87.677627,4
910,Cape Ann Brewing Company,8325,3.73,42.611207,-70.665112,4.3
911,Cape Cod Beer,9602,4.04,41.6781432,-70.310088,4.6
912,Cape May Brewing Company,25890,4.44,39.002521,-74.912674,4.7
914,Capitol City Brewing,1133,3.66,38.9000059,-77.027418,4
915,Capitol City Brewing,1709,3.72,38.9000059,-77.027418,4
916,Capitol City Brewing,1794,3.8,38.9000059,-77.027418,4
917,Capitol City Brewing Company,1793,3.67,38.9000059,-77.027418,4
918,Captured By Porches Brewing Company,18997,3.23,45.5176545,-122.4340526,0
925,Carlyle Brewing Company,5392,3.95,42.2689619,-89.0906164,4.6
926,Carolina Beer Company,354,3.64,35.2205848,-80.9400606,3.2
929,Carolina Brewing Company,1499,3.9,35.6560063,-78.8543135,4.7
930,Carton Brewing Company,26817,4.07,40.4117822,-74.0381795,4.8
933,Castle Bay Irish Pub,7536,3.92,38.9778893,-76.4908743,4.4
934,Castle Danger Brewery,25567,4.0,47.0195575,-91.67343020000001,4.7
940,Catawba Valley Brewing Company,2446,3.91,35.744672,-81.68567399999999,4.4
941,Cathedral Square Brewery,22271,3.15,38.6169723,-90.21103289999999,4.4
943,Cavalry Brewing,23122,3.56,41.4740427,-73.1520316,4.6
944,Cave Mountain Brewing Company,18946,3.0,42.307294,-74.2510235,3.7
945,Cayucos Brewing Company,21012,3.25,35.3993744,-120.8623886,4.7
947,Celtic Bayou,1311,3.93,47.6691914,-122.1303266,3.5
950,Central Coast Brewing,409,3.21,35.28581700000001,-120.655724,4.7
951,Central Waters Brewing Company,652,3.95,44.4422564,-89.2796641,4.7
994,Chama River Brewing Company,2435,3.88,35.1399453,-106.5999663,4
996,Charleston Brewing Company,11842,3.51,38.3504345,-81.6355196,4.4
997,Charleville Vineyard Microbrewery,10549,3.83,37.7576787,-90.1503216,4.3
1001,Chattanooga Brewing Company,23344,4.0,35.036098,-85.314407,4.4
1002,Cheboygan Brewing Company,27032,4.0,45.6433449,-84.4784153,4.6
1003,Cheers Tavern,9138,2.88,33.6374022,-112.1878194,4.3
1004,Chelsea Brewing Company,1635,3.84,40.7510758,-74.0020274,4.1
1008,Chesapeake Bay Brewing Company,1501,3.64,38.9780662,-76.4974715,3.4
1012,Chicago Beer Company,24168,3.26,41.8870971,-87.67211830000001,4.7
1013,Chicago Brewing Company,2308,3.61,36.14744,-115.29808,4.2
1016,Chocolate City Beer,26647,3.18,38.9259329,-76.994732,0
1018,Christian Moerlein Brewing Company,10991,3.76,39.113997,-84.514775,4.5
1019,Church Brew Works,603,3.73,40.4621137,-79.9644489,4.3
1023,Circle Brewing Company,24825,3.12,30.3911269,-97.71537359999999,4.6
1024,Cismontane Brewing Company,22598,3.9,33.716353,-117.851777,4.4
1031,Cleveland ChopHouse And Brewery,1086,3.59,41.4994315,-81.6993047,4.5
1032,Climax Brewing Company,1307,4.02,40.659725,-74.28300399999999,4.9
1033,Clinton Street Brewing,11596,3.8,40.7197518,-73.9849705,4.5
1035,Coast Brewing Company,4774,3.64,32.8735877,-79.9720038,4.7
1037,Coastal Empire Beer Company,26714,3.0,32.0517478,-81.1239951,4.5
1040,Cocoa Beach Brewing Company,20409,3.3,28.3213539,-80.6090777,4.1
1041,Cody Brewing Company,16456,3.33,42.8573574,-70.9305236,0
1048,Colorado Mountain Brewery,23468,3.5,38.9934543,-104.8117593,4.1
1049,Columbia Brewery,5468,3.22,49.0889897,-116.5079622,4.3
1050,Columbia Valley Brewing,26397,3.5,47.432993,-120.313811,4.1
1051,Columbus Brewing Company,341,4.0,39.967413,-83.069273,4.3
1052,Comanche Creek Brewing Company,24818,4.5,36.5823781,-105.2906265,4.8
1056,Concord Brewery,59,3.78,35.413838,-80.603039,4.7
1059,Cool Springs Brewery,21329,3.06,35.9452099,-86.8218922,4.3
1060,Coop Ale Works,19456,4.07,35.4185442,-97.6577985,4.7
1062,Cooperstown Brewing Company,60,3.62,42.588861,-74.941396,4.4
1065,Copper Canyon Brewery,1389,3.48,42.4912198,-83.2815037,2.6
1066,Copper Creek Brewing Company,4196,3.8,33.958886,-83.376666,4.2
1069,Copper Kettle Brewery,17138,3.41,39.6926811,-104.8913405,4.6
1070,Copper Kettle Brewing Company,25436,3.92,39.6926811,-104.8913405,4.6
1073,Cornerstone Brewing Company,10667,3.78,41.771546,-81.048817,4.2
1075,Cortland Beer Company,17229,3.86,42.5996432,-76.17951409999999,4.8
1083,Court Avenue Brewing Company,1950,3.66,41.5853134,-93.6209765,4.3
1084,Covington Brewhouse,22413,3.49,30.4778326,-90.09660269999999,4.6
1086,Cowtown Brewing Company,13077,2.83,32.7624266,-97.3244947,4.8
1087,Crabtree Brewing Company,13907,3.43,40.3909542,-104.7268924,4.7
1088,Craft Brewing Company,22937,4.0,33.6868012,-117.3398779,4.7
1090,Craggie Brewing Company,21841,3.85,35.591408,-82.555938,4.8
1091,Craig Street Brew Pub,14609,3.8,48.777183,-123.708402,4.4
1092,Crazy Mountain Brewing Company,23315,3.7,39.7236763,-105.0005934,4.3
1093,Creekside Brewing Company,19202,3.59,35.279336,-120.664746,3.9
1094,Creemore Springs Brewery Limited,455,3.88,44.3249486,-80.10535759999999,4.7
1095,Crescent City Brewhouse,971,3.57,29.9557192,-90.0639107,4.2
1096,Crest Brewing Company,975,1.98,35.1829699,-111.6598228,4
1097,Crested Butte Brewery,15634,4.17,38.8668393,-106.9845659,5
1100,Crooked Fence Brewing,27179,4.0,43.6459861,-116.2686678,3.8
1103,Cross Plains Beer Company,939,3.54,43.1146877,-89.65318409999999,5
1104,Crossroads Brewing Company,24047,4.0,42.2605704,-73.8100881,4.3
1106,Crow Peak Brewing,15943,3.55,44.517491,-103.870356,4.7
1107,Crown Beverages,16023,2.13,34.199241,-79.783851,3.5
1108,Crown Brewing,17278,3.79,41.4158226,-87.36357629999999,4.3
1110,Crystal Springs Brewing Company,23318,3.36,39.960729,-105.119991,4.7
1113,Cumberland Brews,9529,3.97,38.2309012,-85.705441,4.3
1116,Cutters Brewing Company,26521,3.97,39.76185,-86.3454982,3.5
1127,Dark Horse Brewing Company,1471,3.9,42.2662122,-84.96362909999999,4.5
1132,Das Bierhaus,15522,3.77,39.2717631,-76.6117518,4.5
1133,Day Brewing Company,4922,3.5,44.975189,-93.253061,4.3
1140,De Ridder Brewery,198,3.92,30.84686099999999,-93.2870981,4.4
1143,Dead Frog Brewing,14598,3.52,49.1629505,-122.6667835,4.4
1144,Deans Brothers Brewing Company,17891,4.25,33.7353192,-117.853255,0
1147,Deep Ellum Brewing Company,27403,4.33,32.7808028,-96.78165969999999,4.7
1151,Delafield Brewhaus,3441,3.89,43.0481771,-88.35527119999999,4.2
1160,Depot Street Brewing,10202,3.39,36.2860325,-82.48168679999999,4.5
1161,Der Blokken Brewery,23014,3.64,47.5704176,-122.6137453,4.2
1166,Desert Edge Brewery,1413,3.35,40.757256,-111.8730339,4
1169,Detroit Brew Factory,5598,3.5,42.33594,-83.04886189999999,4
1170,Devils Backbone Brewing Company,18539,3.99,37.8138902,-79.39824589999999,4.6
1171,Diamond Bear Brewing Company,414,3.69,34.7591554,-92.27226449999999,4.7
1172,Diamond Beer Brewing Company,11748,3.0,34.7591554,-92.27226449999999,4.7
1176,Dillon Dam Brewery,907,3.9,39.627544,-106.060298,4.4
1181,Dogwood Brewing Company,940,3.8,49.2098834,-123.0814873,4.7
1190,Dostal Alley Brewpub,3354,2.96,39.8001831,-105.5124983,4
1193,Dragonmead Microbrewery,2085,3.8,42.4926954,-82.97522889999999,4.6
1194,Draper Brewing,24549,3.08,43.2085271,-123.3446373,4.9
1195,Draught Works,27119,4.21,46.8780262,-114.003458,4.8
1198,Driftwood Brewery,18858,4.18,48.4369524,-123.374247,4.5
1204,Dunbar Brewing,20757,4.0,35.3927218,-120.6062514,4.8
1205,Dunedin Brewery,1620,3.55,28.014018,-82.7876137,4.5
1206,Duneland,5393,1.5,41.5832246,-87.0424393,0
1209,Dunsmuir Brewery Works,24147,3.75,41.2119588,-122.2718549,4.5
1210,Duquesne Bottling Company,23416,3.53,40.316185,-80.0884265,5
1211,Durango Brewing,1525,3.5,37.27998660000001,-107.8768544,4.5
1214,Dusters Restaurant and The Gottberg Brew Pub,3066,3.45,41.4296772,-97.3621953,4.2
1219,Eagle Rock Brewery,21651,3.93,34.1150098,-118.2435318,4.6
1222,East End Brewing Company,10485,4.07,40.4592392,-79.9118146,4.7
1223,Eastern Shore Brewing,18089,2.96,38.7813844,-76.22193419999999,4.4
1225,Edenton Brewing Company,8148,3.87,36.0576902,-76.60912309999999,4.9
1231,Einhorn Beer Company,18079,3.86,35.2423642,-120.645103,0
1234,El Cajon Brewing Company,27118,3.69,32.8117301,-116.9723662,4.7
1235,El Dorado Brewing Company,25338,4.0,38.694498,-120.834208,4.7
1236,El Segundo Brewing Company,25920,4.38,33.9176954,-118.415648,4.8
1240,Element Brewing Company,22202,3.99,42.578857,-72.4949573,4.8
1241,Elevation 66 Brewing,25256,3.5,37.9020524,-122.3029394,4.4
1244,Elk Head Brewing Company,9820,2.7,47.1590459,-122.0527856,4.9
1245,Elk Mountain Brewing,23212,3.46,39.527035,-104.770215,4.6
1247,Ellersick Brewing Company,12471,3.63,47.809785,-122.302111,4.5
1248,Ellicott Mills Brewing Company,1926,3.76,39.2681607,-76.79963959999999,4.3
1249,Elliot Glacier Public House,5312,4.04,45.381111,-121.680278,5
1250,Elmwood Brewing Company,9884,2.83,29.9172169,-90.0982332,4.4
1254,Elysian Tangletown,4379,3.5,47.66883199999999,-122.333519,4.1
1255,Embers Grill,14358,3.7,42.82100550000001,-77.66947499999999,4.7
1256,Emerald City Beer Company,23552,3.62,47.5765665,-122.3204791,4
1259,Empire Brewing Company,1398,3.84,43.048058,-76.154538,4.2
1261,Empyrean Brewing Company,1880,3.74,40.8152364,-96.71080669999999,3.9
1265,Enegren Brewing Company,25260,4.28,34.2831012,-118.8706701,4.8
1268,English Ales Brewery,3055,3.75,36.6802453,-121.8037568,4.4
1269,Epic Ales,22116,3.45,47.6269395,-122.342597,4.1
1271,Equinox Brewing Company,22886,3.99,40.5863502,-105.0758137,4.7
1276,Estes Park Brewery,905,3.16,40.37141889999999,-105.526121,3
1277,Etna Brewery,8540,3.86,41.731692,-122.637297,4.5
1278,Eugene City Brewery,11835,3.85,44.0452338,-123.0921643,4.3
1280,Evolution Craft Brewing Company,19897,3.93,38.3618473,-75.59605069999999,4.5
1281,Exit 6 Brewery,26536,3.62,38.744764,-90.640093,4.4
1296,Fantasy Brewmasters,24826,3.75,26.1618892,-81.75327829999999,0
1302,Faultline Brewing Company,803,3.55,37.3876487,-121.9924739,4
1303,Fearless Brewing Company,8606,3.61,45.28742219999999,-122.334833,3.7
1304,Feather River Brewing Co,4873,3.0,39.84181299999999,-121.5782429,5
1308,Ferguson Brewing Company,22917,3.38,38.7381794,-90.30232559999999,4.6
1310,Ferme Brasserie Schoune,771,3.28,45.2956152,-74.3394759,4.4
1313,Fiddlehead Brewing Company,27919,4.25,44.3662006,-73.2326877,4.5
1314,Figure 8 Brewing,22319,3.75,41.4665264,-87.0612036,4.5
1315,Finger Lakes Beer Company,24162,4.12,42.3994396,-77.2260209,4.4
1318,Fire Island Beer Company,20476,3.61,40.76109539999999,-73.26346699999999,0
1319,Fire Mountain Brew House,21554,3.7,45.294393,-123.317407,0
1325,Five Seasons North,15324,4.15,33.9080426,-84.38077729999999,4.1
1326,Five Seasons Prado,1032,3.96,33.9080426,-84.38077729999999,4.1
1327,Five Seasons Westside,20017,4.06,33.7789357,-84.4102633,4.1
1329,Flagstaff Brewing Company,6266,3.9,35.197463,-111.6483872,3.8
1331,Flat Earth Brewing Company,15642,3.86,44.9623478,-93.0717821,4.6
1332,Flat Tail Brewing,22194,3.78,44.5626745,-123.2597467,4.3
1333,Flathead Lake Brewing Company,12496,3.5,48.06421599999999,-114.0836357,4.4
1334,Fletcher Street Brewing Company,12912,3.45,45.064746,-83.4299145,0
1336,Florida Beer Company,161,3.18,28.398969,-80.611402,4.6
1337,Flyers Restaurant And Brewery,14503,3.75,48.29913759999999,-122.6528022,3.9
1339,Flying Dog Brewery,68,3.7,39.362807,-77.426773,4.6
1340,Flying Fish Brewing Company,339,3.8,39.8538279,-75.0202372,4.7
1341,Flying Monkey Brewing Company,906,3.5,44.389187,-79.686426,4.6
1342,Flying Monkeys Craft Brewery,10796,3.73,44.389187,-79.686426,4.6
1343,Foggy Noggin Brewing,22434,4.0,47.79449229999999,-122.1610588,4.9
1346,Fordham Brewing Company,4067,3.63,39.1536216,-75.4882514,4.8
1348,Fort Collins Brewing,6372,3.61,40.5863502,-105.0758137,4.7
1349,Fort Street Brewery,10889,3.82,42.2520872,-83.1759225,4.1
1356,Four Friends Brewing,21359,3.42,35.12048,-80.95954990000001,5
1357,Four Horsemen Brewing Company,27798,2.2,41.7156874,-86.25093369999999,4.4
1359,Four Sons Brewery Restaurant,9126,4.08,33.6864508,-117.989407,4.6
1361,Frampton Brasse,26535,3.67,46.484215,-70.789086,4.7
1363,Franconia Brewing Company,17033,3.91,33.213417,-96.609066,4.9
1364,Franconia Notch Brewing Company,1520,3.89,44.2805329,-71.6879189,4.6
1366,Frankenmuth Brewery,4861,3.67,43.3311219,-83.7377741,4.2
1371,Freeport Brewing Company,1500,3.62,43.839144,-70.12140699999999,4.7
1375,Fremont Brewing Company,20680,3.98,47.649044,-122.344586,4.7
1379,Front Street Brewery,5275,3.91,34.2357747,-77.94890869999999,4.5
1380,Front Street Brewery,9104,3.34,34.2357747,-77.94890869999999,4.5
1381,Frosty Knuckle Brewing Company,19928,3.45,44.4151023,-103.5126839,4.5
1382,Full Pint Brewing Company,22854,3.86,40.364532,-79.77326819999999,4.6
1383,Fullsteam Brewery,23145,4.0,36.0031099,-78.8998664,4.6
1385,Fulton Beer,22167,3.83,44.9849296,-93.2792028,4.6
1386,Funkwerks,24075,4.01,40.583127,-105.041992,4.7
1389,Fusion Brewing,21277,3.25,38.0555586,-84.5177131,3.7
1394,Galena Brewing Company,21862,3.9,42.4169803,-90.426327,4.2
1399,Gardner Ale House,13768,4.05,42.57576700000001,-71.99713059999999,4.3
1410,Georgetown Brewing Company,4378,4.04,47.5551927,-122.3260025,4.8
1411,Ghost River Brewing,19776,3.88,35.1249319,-90.0594534,4.8
1413,Gilded Otter Brewing Company,1634,3.87,41.7468794,-74.08958659999999,4
1414,Gilgamesh Brewing,22432,3.72,44.906059,-123.0192899,4.2
1418,Glacier Brewing Company,10545,3.46,47.685975,-114.162841,4.2
1425,Gold Crown Brewery,2452,3.32,43.467299,-80.52329800000001,4.5
1426,Gold Hill Brewery,11474,3.0,38.783971,-120.888888,4.9
1428,Golden City Brewery,1532,3.78,39.75467709999999,-105.2236859,4.6
1431,Golden State Brewing Company,10912,3.5,37.8148288,-122.2486898,2.3
1432,Golden Valley Brewery and Pub,2015,3.62,45.5313084,-122.8423694,4.2
1433,Good People Brewing Company,17282,4.13,33.5069731,-86.8121879,4.7
1440,Gore Range Brewery,4125,3.37,39.643762,-106.596242,4
1447,Grafton Brewhaus,24707,2.7,38.97014739999999,-90.4391211,4.4
1450,Grand Bahama Brewing Company,1692,3.92,26.5238824,-78.7376645,4.6
1451,Grand Canyon Brewery,17892,3.41,35.2515943,-112.1959897,3.6
1452,Grand Lake Brewing Company,4738,3.73,40.0853701,-105.9415557,4.7
1453,Grand Rapids Brewing Co,1297,3.48,42.9631122,-85.670464,4.3
1454,Grand River Brewing,16304,3.82,43.3511526,-80.3131717,4.5
1456,Granville Island Brewery,780,3.63,49.270502,-123.135661,4.3
1458,Grayton Beer Company,25900,3.31,30.3427473,-86.0677085,4.6
1459,Great Baraboo Brewing Company,3242,3.67,42.56027599999999,-82.965503,4
1460,Great Crescent Brewery,18605,4.01,39.05750099999999,-84.90057999999999,4.8
1462,Great Lakes Brewery,9408,3.64,41.4843807,-81.7045187,4.5
1465,Great Northern Brewery and Restaurant,10613,4.17,48.4118769,-114.3364871,4.4
1468,Great River Brewery,23052,3.95,41.52152,-90.57003499999999,4.5
1469,Great South Bay Brewery,16859,3.93,40.761074,-73.263452,4.6
1470,Great Waters Brewing,1178,3.97,44.94673,-93.096823,3.6
1474,Green Man Brewery,11599,3.84,35.5886596,-82.55245839999999,4.5
1475,Green Man Brewery,13228,3.71,35.5886596,-82.55245839999999,4.5
1477,Green Room Brewing,25898,3.86,30.2907356,-81.3925412,4.7
1479,Greenfield Real Ale Brewing Ltd,13306,4.0,30.1132678,-98.4128183,4.8
1481,Greenport Harbor Brewing Company,20766,3.91,41.103613,-72.358662,4.4
1482,Grey Sail Brewing of Rhode Island,27710,3.75,41.384963,-71.8324189,4.7
1483,Grimm Brothers Brewhouse,23076,4.14,40.396763,-105.046949,4.8
1484,Grizzly Peak Brewing Company,1106,3.73,42.2806313,-83.7494193,4.2
1487,Groupe Geloso,5470,2.18,45.61014,-73.67416,4.2
1488,Grove Street Brewhouse,21566,3.58,47.2112929,-123.1008433,3.9
1500,Gulf Islands Brewing,4724,3.53,48.778811,-123.5040901,4.4
1502,Gunnison Brewery,11956,4.11,38.544747,-106.927311,4.7
1512,Half Moon Bay Brewing Company,2175,3.33,37.504067,-122.485562,4.1
1515,Hallenbrick Brewery,22493,3.0,35.1630782,-106.5998688,0
1524,Hangtown Brewery,1538,3.69,38.6075455,-121.2639802,4.5
1525,Hank is Wiser Brewery,11141,4.25,37.62842699999999,-97.781489,4.7
1536,Harbor City Brewing Company,794,3.29,33.7376129,-118.2833127,0
1539,Hardywood Park Craft Brewery,26753,4.18,37.564569,-77.45735499999999,4.4
1541,Harlem Brewing Company,1484,3.58,40.8224303,-73.9485103,5
1542,Harmon Brewing And Tap Room,22933,3.5,47.2620113,-122.445794,4.2
1544,Harriet Brewing,24815,4.15,44.9471444,-93.2338704,4.2
1546,Hart Brewery,9515,3.33,43.6895384,-86.3801307,4.3
1549,Harvest Moon Brewery,7121,3.97,40.496189,-74.4442862,4.3
1559,Hazel Dell Brewpub,1060,3.22,45.6840351,-122.660349,3.2
1561,Heartland Brewery Union Square,766,3.55,40.754023,-73.986604,3.2
1562,Heater Allen Brewing,16378,4.13,45.2146023,-123.1888048,4.9
1564,Heavy Seas Beer,898,3.79,39.2317521,-76.6758397,4.7
1570,Heiner Brau,11361,3.5,30.4778722,-90.09664560000002,0
1571,Helltown Brewing,26528,3.89,40.1505018,-79.53216669999999,4.8
1575,Heretic Brewing Company,25960,3.93,38.2736702,-122.0154476,4.6
1576,Hermann Brewing Company,5371,3.17,38.70609320000001,-91.4331813,3.8
1577,Hermitage Brewing,23459,2.81,37.31345470000001,-121.867441,4.6
1584,Hideout Brewing Company,11341,3.88,43.017919,-85.63082,4
1585,High Desert Brewing Company,3798,3.96,32.3096614,-106.7934571,4.4
1587,High Point Brewing Company,607,4.11,41.002317,-74.3418658,4.8
1588,High Point Brewing Company,1124,4.5,41.002317,-74.3418658,4.8
1589,High Water Brewing,24827,3.57,38.1259866,-121.2543206,5
1592,Highlands Hollow Brewhouse,4073,3.69,43.6424259,-116.2087047,4.6
1597,Hilton Head Brewing Company,4336,2.0,32.2220635,-80.7042991,4.7
1598,Hinterland Brewery Restaurant,4426,3.82,44.5032619,-88.0642467,3.8
1611,Hog Haus Brewing Company,11203,3.75,36.0666477,-94.1652355,3.6
1621,Hollywood Beach Brewing Company,17961,3.75,26.013627,-80.115757,3.9
1623,Holy City Brewing,25168,3.67,32.8525031,-80.0024103,4.6
1626,Hood Canal Brewing,1385,3.24,47.8037992,-122.5731451,4.3
1632,Hopfenstark,15526,3.94,45.89605,-73.268819,4.5
1633,Hopmonk Tavern,17048,3.5,38.4012386,-122.822579,4.3
1634,Hopmonk Tavern,24952,3.5,38.4012386,-122.822579,4.3
1637,Hops Haven Brew Haus,5395,3.63,43.7594231,-87.72258459999999,4.3
1639,Hoptown Brewing Company,591,3.9,36.8675084,-87.4871508,4.7
1644,Horse Heaven Hills Brewery,21568,3.6,46.2049885,-119.7705778,4.6
1645,Hoster Brewing Company,4234,4.11,39.944867,-83.01576999999999,0
1651,Hub City Brewing Company,16533,3.07,34.6624063,-106.7656768,4.6
1653,Hudson Valley Brewing Company,891,3.5,41.5016769,-73.9630756,4.8
1655,Huebert Brewing Company,9774,2.63,35.438605,-97.52090199999999,1.7
1661,Humboldt Brews LLC,485,3.88,40.8702389,-124.0871681,4.1
1663,Humperdinks Restaurant and Sports Bar,3258,3.55,32.8639491,-96.8989271,4
1664,Humperdinks Restaurant and Sports Bar,3352,3.0,32.8639491,-96.8989271,4
1665,Humperdinks Restaurant and Sports Bar,5688,3.0,32.8639491,-96.8989271,4
1666,Humperdinks Texas LLC,3080,3.8,32.8639491,-96.8989271,4
1669,Huntington Beach Beer Company,2195,3.08,33.6583538,-118.0012023,3.8
1671,Hurricane Brewing Company,15112,3.31,30.6910278,-88.0436635,0
1672,Huske Hardware House Brewing Company,7722,3.5,35.0538135,-78.8826899,3.8
1674,Hyde Park Brewing Company,1423,3.68,41.7691762,-73.9294522,4.3
1678,Ice Harbor Brewing Company,909,3.84,46.2109842,-119.1192539,4.4
1680,Icicle Brewing Company,25393,3.71,47.59626,-120.659717,4.5
1681,Idaho Brewing Company,774,4.0,43.485419,-112.045523,4.7
1682,Idle Hands Craft Ales,24802,3.8,42.4243919,-71.0747463,4.7
1686,Illinois Brewing Company,10560,3.0,38.53798219999999,-90.0211928,4.2
1689,Independence Brew Pub,1601,3.55,39.9500617,-75.1508097,4.4
1692,Indian Wells Brewing Company,619,2.65,35.667302,-117.872763,4.4
1693,Indie Ale House Brewing Company,26884,3.79,43.6655507,-79.46533869999999,4.5
1694,Indigo Imp Brewery,18915,3.18,41.5128956,-81.6654452,0
1698,Ineeka,23046,2.9,41.8873444,-87.678377,0
1699,Inland Empire Brewing Company,19402,3.47,34.0040674,-117.3486558,4.6
1703,Intuition Ale Works,24453,3.93,30.323491,-81.644708,4.5
1706,Ipswich Ale Brewery,162,3.93,42.68112139999999,-70.8412069,4.4
1709,Iron Fist Brewing Company,23641,3.73,33.145528,-117.2387482,4.7
1714,Ironworks Brewpub,2766,4.33,39.703607,-105.136785,4
1718,Island Brewing Company,5266,3.25,34.395035,-119.5216497,4.6
1720,Issaquah Brewhouse,1391,3.37,47.5300457,-122.0372201,4.1
1721,Italian Oasis Restaurant And Brewery,1790,3.22,44.3059117,-71.7728668,4.7
1723,Ithaca Beer Company,651,3.97,42.4164137,-76.5351988,4.5
1727,Jackalope Brewing Company,25593,3.38,36.1503486,-86.77950249999999,4.4
1729,Jaden James Brewery,24828,2.6,42.8790408,-85.5629567,4.8
1730,Jailhouse Brewing Company,21635,3.89,33.386694,-84.282229,4.8
1731,Jaipur Brewing Company,4705,3.0,41.232792,-96.08331199999999,4.4
1737,Jasper Ridge Brewery,2671,4.03,46.5017485,-87.68026189999999,4.2
1745,Johnstown Brewing Company,6971,3.78,40.3265044,-78.9172938,4
1748,Jolly Pumpkin Cafe And Brewery Ann Arbor,21363,3.82,42.2791584,-83.7484618,4.5
1753,Junction Craft Brewing,26851,3.0,43.6731657,-79.4781453,4.6
1768,Kane Brewing Company,26676,4.22,40.2365892,-74.0450475,4.7
1770,Kannah Creek Brewing Company,12706,3.79,39.0852856,-108.5520434,4.3
1781,Keegan Ales,6980,3.87,41.9315036,-74.0118701,4.6
1784,Kelley Brothers Brewing Company,650,2.58,37.797133,-121.215525,2.3
1788,Kennebec River Brewery,438,3.68,45.2657469,-69.99435129999999,4.6
1789,Kensington Brewing Company,25328,4.0,43.6564217,-79.40261029999999,4.6
1791,Kern River Brewing Company,14064,4.29,35.7574666,-118.4192969,4.4
1793,Keuka Brewing Company,18372,3.66,42.485658,-77.19209099999999,4.6
1794,Keweenaw Brewing Company,9513,3.6,47.12207900000001,-88.568758,4.8
1808,Kirkwood Station Brewing Company,20268,3.84,38.5825304,-90.4058179,3.6
1824,Knee Deep Brewing Company,23200,3.23,38.9519093,-121.0803596,4.7
1837,Krash Brewery,19582,2.28,33.6221592,-117.724902,1
1852,Kutztown Tavern,1644,3.78,40.5161997,-75.7781007,4.3
1853,La Barberie,2248,3.58,46.8178912,-71.2180951,4.6
1865,La Diable,3726,3.57,46.211563,-74.585853,4.3
1868,La Gueule de Bois,21985,3.17,46.8114496,-71.22731499999999,4.6
1869,La Jolla Brew House,6313,3.91,32.8679217,-117.2331437,4.1
1872,La Micro de Bromont,1145,3.07,45.3157143,-72.642442,4.4
1874,La Succursale Brasserie Artisanale,25618,4.5,45.5501776,-73.5734308,4.4
1875,LaConner Brewing Company,698,3.81,48.3917909,-122.4957814,4.4
1876,Ladyface Ale Companie,21448,3.94,34.1438892,-118.7628937,4.4
1877,Lagniappe Brewing Company,19932,3.6,28.5720909,-81.748295,5
1878,Laguna Beach Brewing Company,2699,3.3,33.54281,-117.783529,4.5
1881,Laht Neppur Brewing Company,15504,3.28,46.269764,-118.148514,4.7
1883,Lake Bluff Brewing Company,24847,3.67,42.2798433,-87.84527519999999,4.7
1884,Lake Louie Brewery Company,793,3.98,43.1732129,-89.92876199999999,4.9
1885,Lake Placid Craft Brewing Company,1888,3.79,44.282926,-73.981262,4
1886,Lake Superior Brewing,3146,3.8,46.761083,-92.133364,4.4
1887,Lake Superior Brewing Company,750,3.75,46.6720084,-85.9852413,4.4
1888,Lake of Bays Brewing Company,22439,3.42,45.1501689,-79.1140647,4.7
1889,Lake on the Mountain Brewery,18144,3.12,44.042533,-77.066675,4.6
1898,Lander Brewing Company,13447,3.65,42.832776,-108.7279508,4
1902,Lang Creek Brewery,1494,3.38,48.0050199,-115.002156,0
1904,Lantern Brewing,26673,2.83,47.6980789,-122.345631,4.8
1908,Laughing Dog Brewing,12985,3.64,48.30459270000001,-116.5417076,4.8
1911,Lavery Brewing Company,23635,3.93,42.1229242,-80.08390729999999,4.7
1913,Lazy Boy Brewing,14577,3.58,47.90815440000001,-122.2208542,4.6
1914,Lazy Magnolia Brewing Company,10990,3.85,30.37685909999999,-89.4491635,4.5
1915,Lazy Monk Brewing,25859,4.2,44.8153415,-91.5090094,4.7
1918,Le Cheval Blanc,1144,3.68,45.5182035,-73.5642415,4.4
1922,Le Siboire,16750,4.11,45.40038699999999,-71.8883269,4.6
1923,Le Trou Du Diable,13605,3.82,46.5403253,-72.7533332,4.6
1926,Leech Lake Brewing Company,23842,3.64,47.1009991,-94.5817364,4.7
1928,Leelanau Brewing Company,11974,4.12,45.1298496,-85.6167741,4.7
1930,Left Hand Brewing Company,418,3.79,40.1582861,-105.1150233,4.6
1931,Legends Eatery and Brewhouse,12211,3.33,40.4565844,-80.0014734,4.7
1935,Lengthwise Brewing Company,4432,3.69,35.3137536,-119.0881644,4.6
1944,Les Brasseurs Du Temps,20132,3.56,45.4297502,-75.7268567,4.4
1951,Les Faiseurs De Biere,16196,3.5,45.532654,-73.6066,4.7
1957,Liberty Steakhouse Brewery,4927,3.16,35.98795,-80.004282,3.9
1958,Liberty Steakhouse Brewery,4929,3.54,35.98795,-80.004282,3.9
1959,Liberty Street Brewing Company,19163,4.08,42.3792167,-83.4613148,4.4
1964,Lift Bridge Brewery,18563,3.8,45.039217,-92.831768,4.8
1965,Lighthouse Brewery,8285,3.88,48.4364773,-123.3967591,4.6
1969,Lightning Brewery,12351,3.56,32.9356865,-117.0433524,4.6
1975,Linden Street Brewery,16385,4.14,37.7993971,-122.287767,4.7
1978,Liquid Hero Brewery,26950,3.0,39.9666337,-76.7286051,4.8
1979,Lithia Brewing Company,24574,3.5,43.4315203,-88.1578506,0
1980,Little Apple Brewing Company,1112,3.84,39.191464,-96.60844399999999,4.3
1985,Live Oak Brewing Company,383,4.31,30.2209082,-97.6610692,4.7
1988,Local Option,16773,3.88,41.9218893,-87.65616539999999,4.5
1989,Lockdown Brewing Company,17945,3.41,38.6075455,-121.2639802,4.5
1990,Lodi Beer Company,11466,3.53,38.1327338,-121.2739602,4.4
1992,Logsdon Farmhouse Ales,25710,4.19,45.5880618,-121.5362663,3.7
1995,Lone Peak Brewery,16816,3.68,45.26754409999999,-111.2909011,3.9
1996,Lonerider Brewing,19126,3.96,35.903681,-78.762587,4.7
1997,Long Brewing,25241,3.75,45.3261498,-122.9354277,5
1998,Long Ireland Beer Company,20345,3.97,40.919804,-72.67463099999999,4.8
1999,Loomis Basin Brewing Company,24820,3.0,38.831958,-121.190555,4.7
2001,Los Gatos Brewing Company,1729,3.68,37.2252873,-121.9823038,4.3
2002,Lost Coast Brewery and Cafe,256,3.74,40.80324400000001,-124.1647065,4.2
2003,Lost Duck Brewpub,8689,3.08,40.6301768,-91.31076259999999,4.5
2004,Lost Falls Brewing Company,9805,3.57,47.70627959999999,-116.9478495,4.5
2007,Loup Rouge,16943,4.12,46.0342694,-73.0985587,4.7
2011,Lucette Brewing Company,24055,4.31,44.8752918,-91.940068,4.5
2014,Lucky Hand Brewing Company,22170,3.89,38.0476702,-122.5430663,0
2015,Lucky Labrador Beer Hall,13504,4.07,45.5337044,-122.6917302,4.1
2016,Lucky Labrador Brewing Company,1313,3.98,45.51246949999999,-122.6563595,3.9
2020,Lumberyard Brewing Company,23675,3.77,35.1965612,-111.6489407,4.2
2021,Lunar Brewing,3768,4.15,41.890012,-87.976621,4.5
2023,MT Brewery,17279,3.93,45.782635,-108.505992,4.6
2029,Mackinaw Brewing Company,459,3.17,44.7643126,-85.6212357,4.1
2030,Mad Anthony Brewing Company,1162,3.6,41.0675897,-85.15280609999999,4.4
2031,Mad Crab Restaurant and Brewery,1088,3.4,38.672811,-90.345018,4.2
2032,Mad Fox Brewing Company,23201,3.93,38.88626199999999,-77.176917,4.2
2034,Madcap Brewery,24212,3.88,41.13880899999999,-81.37257199999999,4.7
2035,Madhouse Brewing Company,22513,3.54,41.5811277,-93.60772600000001,4.7
2036,Madison River Brewing Company,11972,3.6,45.7714193,-111.1685176,4.7
2042,Main Street Brewery,2199,3.83,37.6645095,-121.8737386,4
2043,Main Street Brewery,3082,3.2,37.6645095,-121.8737386,4
2044,Maine Beer Company,20681,4.22,43.839144,-70.12140699999999,4.7
2052,Manayunk Brewery and Restaurant,695,3.67,40.0225428,-75.2190327,3.9
2057,Maple Valley Brewing Company,7744,3.62,47.326323,-122.010273,4.7
2059,Marble Brewery,16963,4.07,35.092811,-106.646727,4.4
2060,Marco Island Brewery,23739,3.0,25.9531808,-81.7231444,3.9
2062,Marietta Brewing Company,597,3.85,39.4118534,-81.45364719999999,4.4
2063,Marin Brewing Company,812,3.86,37.9473862,-122.509629,3.7
2064,Mariposa Brewing Company,19380,2.67,37.489689,-119.969993,4.4
2065,Maritime Pacific Brewing Company,364,3.81,47.6626916,-122.3717697,4.3
2066,Market Garden Brewery,25957,3.5,41.4848992,-81.7036857,4
2067,Marshall Brewing Company,16878,3.94,36.1517827,-95.96551649999999,4.7
2073,Masthead Brewery,4669,1.92,41.5042094,-81.68544519999999,4.6
2080,Maumee Bay Brewing Company,1475,3.72,41.6432615,-83.5381568,4.5
2084,Mayflower Brewing Company,16105,3.99,41.9493295,-70.7111281,4.6
2086,McCall Brewing Company,4075,4.0,44.9085676,-116.0971541,4.2
2092,McMenamins East Vancouver,5322,4.0,45.636979,-122.5068992,4
2093,McMenamins Mill Creek,855,3.75,47.8771259,-122.2120834,4.2
2094,McMenamins Olympic Club,5320,4.1,46.7166301,-122.9538272,4.5
2095,McMenamins Queen Anne Hill,5321,3.78,47.6255374,-122.3517889,4.2
2096,McMenamins Six Arms,4732,3.67,47.6141078,-122.3277668,4.2
2097,McMenamins Spar Cafe,16087,4.0,47.0450386,-122.9009595,4.2
2102,Mendocino Brewing Company,200,3.59,39.1498635,-123.2079354,4.2
2106,Metropolitan Brewing,19127,4.09,41.93758589999999,-87.6913112,4.8
2107,Michigan Beer Cellar,23572,3.38,43.1608763,-85.7069113,4.6
2108,Michigan Brewing Company,565,3.68,42.9727933,-85.93514189999999,4.8
2114,Microbrasserie Charlevoix,2807,4.01,47.446022,-70.521951,4.5
2116,Microbrasserie La Chouape,17233,3.44,48.65200859999999,-72.4448723,4.7
2123,Middle Villa Inn,11729,2.8,42.719367,-85.47178699999999,3
2124,Middleton Brewing,27042,3.86,47.910663,-122.224788,4.6
2125,Midland Brewing Company,24006,2.81,43.640862,-84.2910789,4.3
2128,Migration Brewing Company,22185,3.72,45.526222,-122.6364191,4.4
2135,Mill Creek Brewpub,19721,2.5,46.0693978,-118.3348037,3.8
2137,Mill Valley Beerworks,23647,3.83,37.9052492,-122.5493617,4.4
2140,Millstream Brewing Company,107,3.75,41.79657900000001,-91.86532489999999,4.6
2141,Milos Beer,24105,3.5,42.983678,-81.251905,4.6
2143,Milwaukee Ale House,1912,3.76,43.0334723,-87.9094665,4.3
2144,Milwaukee Ale House,21093,3.7,43.0334723,-87.9094665,4.3
2145,Milwaukee Brewing Company,18680,3.55,43.024897,-87.913026,4.6
2148,Minhas Craft Brewery,435,3.06,42.5998511,-89.64113309999999,4.4
2149,Minneapolis Town Hall Brewery,1177,4.24,44.9733315,-93.2477857,4.5
2150,Minnesota Brewing Company,468,3.03,45.5649615,-94.31681460000001,4.8
2151,Minocqua Brewing Company,791,3.72,45.8726986,-89.7103096,4.1
2152,Mishawaka Brewing Company,1933,3.15,41.69394500000001,-86.1822832,4.5
2153,Mission Brewery,16393,3.6,32.707148,-117.151592,4.5
2154,Mission Springs Brewing Company,2597,3.23,49.1321832,-122.3416728,4
2158,Moab Brewery,2266,3.59,38.5625852,-109.5496961,4.2
2160,Mobjack Bay Brewing Company,1299,3.62,37.3426937,-76.5215906,5
2161,Moffat Station Brewery,4739,2.5,39.885617,-105.7591378,3.1
2162,Mogollon Brewing Company,2200,3.84,35.2183676,-111.5862777,4.1
2164,Mohegan Cafe and Brewery,1163,2.83,41.173002,-71.5586552,4
2168,Monday Night Brewing,26516,4.07,33.794919,-84.40988999999999,4.6
2171,Montana Brewing Company,999,4.12,45.782635,-108.505992,4.6
2173,Monterey Coast Brewing,13450,2.82,36.675964,-121.6550822,4.2
2174,Montgomery Brewing Company,371,3.52,44.44130639999999,-93.58284909999999,4.8
2177,Moon River Brewing Company,850,3.8,32.080962,-81.09203,3.9
2184,Morgan Street Brewery,593,3.64,38.6309154,-90.185498,3.7
2185,Morgantown Brewing Company,21473,4.07,39.630501,-79.958062,4.5
2187,Morrison Brewery,27711,3.5,39.6813441,-105.1177051,4.5
2188,Morro Bay Brewing Company,4931,3.17,35.3993744,-120.8623886,4.7
2191,Motor City Brewing Works,1291,3.54,42.35167939999999,-83.0659596,4.4
2194,Mount Rushmore Brewing Company,6250,3.62,43.764432,-103.604892,4.2
2195,Mount Shasta Brewing,9916,3.73,41.4161144,-122.3869349,3.8
2200,Mt Tabor Brewing,22288,4.5,45.7074282,-122.7085384,4.4
2202,Mudhook Brewing Company,26458,3.36,39.9629738,-76.7291865,4
2204,Mulholland Brewing Company,16447,3.54,34.1362972,-118.3538705,4.2
2208,Muskoka Brewery,661,3.75,44.9991278,-79.32018400000001,4.7
2209,Mustang Brewing Company,20708,3.46,35.4728629,-97.6005529,4.6
2210,Mutiny Brewing Company,23191,4.0,45.35737109999999,-117.2294439,3.3
2213,Mystery Brewing Company,27773,3.5,36.070763,-79.113106,4.5
2214,Mystic Brewery,24803,3.87,42.3915867,-71.0444644,4.6
2215,Mystic Brewing Company,4014,4.0,42.3915867,-71.0444644,4.6
2218,NW Peaks Brewery,24474,3.5,47.6642001,-122.3786097,4.6
2220,Naked City Taphouse,18353,3.51,47.6918448,-122.3550953,4.3
2221,Naked Dove Brewing Company,24102,4.06,42.8667947,-77.2252346,4.8
2223,Nantahala Brewing Company,22866,4.24,35.43126609999999,-83.4462023,4.5
2225,Napa Smith Brewery,18258,3.38,38.1319619,-122.2584919,4.5
2226,Napa Valley Ale Works,895,3.9,38.2987829,-122.2828544,4.5
2227,Nashoba Valley Winery,226,3.42,42.4302705,-71.6163967,4.3
2228,Natian Brewery,22285,3.42,45.5238996,-122.6530181,5
2236,Neustadt Springs Brewery,4028,3.65,44.0748579,-81.00349039999999,4.3
2237,New Amsterdam Brewing Company,449,3.69,40.7443422,-73.9870105,0
2239,New Boswell Brewing Company,25423,4.25,39.8341523,-84.88932129999999,4.4
2241,New Glarus Brewing Company,590,4.03,42.7944559,-89.6301984,4.6
2243,New Jersey Beer Company,22617,3.51,40.7832112,-74.03576699999999,4.9
2244,New Knoxville Brewing Company,384,3.48,35.99191709999999,-83.94286079999999,4.9
2245,New Old Lompoc Brewery,2641,3.87,45.550843,-122.6672516,4.3
2249,Newport Beach Brewing Company,4288,3.7,33.678696,-117.888236,4.6
2250,Niagara Brewing Company,617,3.68,43.0910381,-79.0735392,4.1
2253,Nicolet Brewing Company,790,1.81,45.9263826,-88.2393788,0
2256,Nimbus Brewing Company,1103,3.66,32.184675,-110.910021,4.1
2261,NoDa Brewing Company,26990,4.16,35.25157,-80.812472,4.7
2262,Noble Ale Works,22412,3.63,33.8084819,-117.8828277,4.8
2263,Nodding Head Brewery and Restaurant,1042,3.91,39.951577,-75.159668,4.5
2267,North Country Brewing,9797,3.84,41.0637661,-80.05571789999999,4.7
2269,North Fork Brewing,1606,3.74,40.9192678,-72.6620052,5
2270,North Peak Brewing Company,21497,3.72,44.7642342,-85.6284209,4.2
2271,North Sound Brewing Company,23904,3.82,48.4315478,-122.3701065,4.6
2275,Northampton Brewery,235,3.75,42.3173649,-72.6303392,4.3
2277,Northshire Brewery,22466,3.41,42.8847421,-73.2011236,4.7
2279,Northwest Brewing Company,16396,3.32,47.2411175,-122.2553378,4.5
2280,Northwoods Brewpub and Grill,1091,2.71,44.58105130000001,-91.2274355,3.6
2281,Notch Brewing,22723,3.76,42.5197607,-70.8906897,4.7
2290,Oak Creek Brewery And Grill,4326,3.56,34.8622272,-111.7634635,3.9
2291,Oak Pond Brewing Company,254,3.78,44.7598098,-69.5930127,4.3
2293,Oaken Barrel Brewing Company,390,3.73,39.6156908,-86.0907149,4.6
2294,Oakland Brewing Company,25208,3.3,37.7964226,-122.2712658,4.8
2296,Oasis Brewery,878,3.75,30.4058452,-97.8741565,4.3
2300,Oceanside Ale Works,13524,3.61,33.2116113,-117.272715,4.5
2302,Oconomowoc Brewing Company,422,2.93,43.126586,-88.53739999999999,4.6
2303,Odd Side Ales,22564,3.73,43.0648821,-86.23255549999999,4.6
2306,Odin Brewing Company,21567,3.73,47.458647,-122.2520581,4.3
2309,Off The Rail Brewery,7061,3.88,49.2778921,-123.0760029,4.4
2312,Offshore Ale Company,236,4.02,41.456124,-70.557292,4.5
2314,Ohio Brewing Company,4210,2.5,41.1375723,-81.482935,3.8
2315,Ohio Brewing Company,16994,3.67,41.1375723,-81.482935,3.8
2316,Ohio Brewing Company,23954,3.43,41.1375723,-81.482935,3.8
2319,Ojai Brewpub,4711,2.67,34.4477888,-119.2420146,4.1
2322,Old Baldy Brewery,1665,3.7,34.0956226,-117.6487538,4.7
2323,Old Bear Brewery,10370,3.69,34.6935413,-86.748369,4.6
2324,Old Capitol Brew Works and Public House,10378,3.96,41.6546764,-91.5305168,1
2330,Old Forge Brewing Company,18724,3.88,40.9628899,-76.61692359999999,4.5
2331,Old Man River Restaurant,18565,3.75,43.01565,-78.8921249,4.2
2332,Old Market Pub And Brewery,7253,3.32,45.46592620000001,-122.7486958,3.9
2333,Old North State Winery And Brewery,20288,3.75,36.5019658,-80.60819029999999,4.6
2335,Old Savannah Brewing Company,13066,2.88,32.0870459,-81.1117428,4.5
2336,Old Schoolhouse Brewery,1395,3.77,48.47821039999999,-120.1864982,4.3
2338,Old World Brewery,19516,2.25,33.452319,-112.113414,4
2341,Olde Hickory Brewery,7753,3.94,35.731409,-81.341956,3.8
2342,Olde Richmond Beer Company,15979,3.76,39.97679100000001,-75.122941,4.8
2354,Orchard Street Brewery,567,3.47,40.71839,-73.989891,4.7
2355,Orcutt Brew Company,20389,3.61,34.86492399999999,-120.448265,4.6
2356,Oregon Trader Brewing Company,8674,3.4,45.361691,-122.600084,4.5
2357,Oregon Trail Brewery,1074,3.77,44.5612532,-123.26097,1.5
2358,Original Gravity Brewing Company,17232,4.17,42.08394089999999,-83.67528569999999,4.6
2361,Orlando Brewing Partners,4614,3.69,28.5264421,-81.38267789999999,4.5
2362,Orlio Organic Beer Company,15997,3.85,44.4289467,-73.2133494,0
2374,Ouray Brewery,23460,4.0,38.02294,-107.671247,4.1
2376,Outer Banks Brewing Station,1784,3.92,36.0095201,-75.65924700000001,4.1
2378,Oxbow Brewing Company,26439,4.23,44.0827567,-69.5633146,4.5
2380,Oxford Brewing Company,10880,3.62,34.3655905,-89.5539593,4.9
2384,Oyster House,20630,3.89,39.950268,-75.1665735,4.6
2385,Ozark Brewing Company,606,3.3,36.3336597,-94.1148094,4.7
2388,Pacific Beach Ale House,18139,3.02,32.7943424,-117.2553594,4.3
2389,Pacific Brewing Laboratories,27800,4.33,37.7806934,-122.3970578,4.4
2390,Pacific Coast Brewing Company,2724,3.37,45.9007735,-123.9590522,4
2393,Padre Island Brewing Company,5060,3.85,26.1093275,-97.1685028,4.3
2396,Palmetto Brewing Company,729,3.8,32.8013833,-79.9458841,4.5
2397,Palouse Falls Brewing Company,21528,3.86,46.7196592,-117.1648228,0
2401,Panther Brewing Company,122,2.47,32.763755,-97.33789,4.4
2402,Papago Brewing,2240,3.94,33.4640305,-111.9272112,3.7
2405,Parish Brewing Company,24822,3.92,30.1592283,-91.948504,4.8
2407,Pasadena Brewing Company,7049,3.5,34.1417418,-118.1483932,4.8
2412,Paw Paw Brewing Company,24745,3.97,42.2192228,-85.8774455,4.4
2413,Payette Brewing,25433,3.5,43.6134084,-116.215483,4.5
2414,Peak Brewing Company,2192,2.5,43.6628111,-70.26433829999999,0
2415,Peak Organic Brewing Company,13884,3.67,43.6628111,-70.26433829999999,0
2417,Pearl Street Brewery,682,3.37,43.834352,-91.236154,4.7
2418,Pearl Street Grill And Brewery,1889,3.6,42.88104990000001,-78.8774038,4.4
2419,Peekskill Brewery,18168,3.83,41.28673819999999,-73.9292313,4.1
2420,Pend Oreille Brewery and Grill,465,3.25,48.2363082,-116.2871852,4.3
2421,Pennsylvania Brewing Company,125,3.97,40.457172,-79.9915189,4.4
2422,Penobscot Bay Brewery,19916,3.56,44.63343099999999,-68.8489139,5
2423,Pensacola Bay Brewery,24447,3.93,30.4087113,-87.2102149,4.6
2424,Pepperwood Bistro,8761,3.61,43.324239,-79.796821,3.9
2425,Perennial Artisan Ales,25888,3.89,38.545549,-90.265596,4.7
2430,Phantom Canyon Brewing Company,2792,3.64,38.834232,-104.8249476,4.2
2431,Philadelphia Brewing Company,16206,3.72,39.982431,-75.127061,4.7
2432,Phillips Brewing Company,2675,3.81,48.432071,-123.3674416,4.7
2434,Phoenix Brewery Co Ltd,8593,3.97,33.479571,-111.996568,4.6
2441,Piney River Brewing Company,27792,4.0,37.3213309,-92.01829219999999,4.7
2443,Pints Pub and Brewery and Freehouse,2976,3.56,39.7369726,-104.9908527,4.4
2447,Pismo Brewing Company,25254,1.5,35.1390011,-120.6408418,3.8
2449,Pittsfield Brew Works,10699,4.08,42.4506542,-73.2542826,0
2495,Port City Brewing,24791,3.73,38.8079586,-77.101423,4.7
2498,Port Jeff Brewing Company,26967,3.83,40.9458337,-73.0696231,4.5
2499,Port Townsend Brewing Company,1387,3.8,48.10740209999999,-122.7809283,4.2
2500,Porter House,12267,4.17,40.768882,-73.98263,4.2
2501,Portland Brewing Company,127,3.56,45.5413782,-122.7131407,4.3
2502,Portneuf Valley Brewing,3200,4.0,42.859827,-112.443284,4.3
2503,Portsmouth Brewery,596,4.12,43.07792449999999,-70.7577647,4.3
2505,Potosi Brewing Company,17157,3.71,42.676605,-90.72561739999999,4.6
2508,Powerhouse Restaurant And Brewery,15032,3.28,47.1915963,-122.2880142,4.2
2511,Prairie Rock Brewery,3439,3.59,42.0560863,-88.0443365,3
2512,Prairie Rock Brewing Company,4231,3.8,42.1718895,-87.93144269999999,4.7
2514,Pratt Street Ale House,1140,3.92,39.2865834,-76.61814799999999,4.1
2515,Prescott Brewing Company,1599,3.93,34.5420987,-112.4697267,4.3
2518,Prism Brewing Company,21872,3.69,40.2202889,-75.2794605,5
2519,Prison Brews,16885,3.86,38.5687037,-92.1615465,4.3
2550,Pub Dog Brewing,23058,2.8,39.5559091,-77.0410359,4.7
2552,Publican House Brewery,18272,4.0,44.3033182,-78.32615299999999,4.3
2554,Pumphouse Brewery,4632,3.69,40.1683435,-105.1021353,4.5
2561,Quarry Brewing Company,20777,2.75,46.013055,-112.538509,4.7
2562,Quay Street Brewing Company,8630,2.78,42.9756886,-82.4231887,4.3
2563,Queen City Brewing Limited,9563,3.36,38.161657,-79.078885,4.6
2569,Raccoon River Brewing Company,2113,3.62,41.583013,-93.63701499999999,4.5
2572,Railhouse Brewery,24725,3.75,35.1306386,-79.4270239,4.5
2573,Railway City Brewing Company,17014,3.47,42.78628399999999,-81.16955,4.5
2576,Ramapo Valley Brewery,10960,2.92,41.0974908,-74.1627389,4
2585,Real Ale Brewing Company,458,3.83,30.1132678,-98.4128183,4.8
2589,Red Brick Brewing Company,864,3.68,33.8184522,-84.4346066,4.7
2590,Red Brick Station,2155,3.86,39.37145,-76.46431,4.2
2591,Red Car Brewery and Restaurant,1015,3.79,33.8357074,-118.3160403,4.4
2594,Red Eye Brewing Company,16402,4.01,44.95887,-89.622827,4.6
2595,Red Hare Brewing Company,26784,3.44,33.924453,-84.495583,4.7
2597,Red Jacket Brewing Company,11508,4.23,47.24646,-88.453526,3.9
2600,Red Lodge Ales,7122,3.97,45.2020347,-109.2457858,4.7
2601,Red Oak Brewery,2951,3.73,36.0618817,-79.5706589,4.8
2610,Redfish New Orleans Brewhouse,2741,3.71,29.9557192,-90.0639107,4.2
2612,Redondo Beach Brewing,1016,3.19,33.8169405,-118.3870918,4.4
2613,Redwood Curtain Brewing Company,22065,4.33,40.8567085,-124.088885,4.8
2615,Refined Ale Brewery,24879,1.0,34.730643,-92.3183097,4.6
2616,Renaissance Brewing,16534,3.81,36.1462265,-95.95804059999999,4.7
2617,Renegade Brewing Company,25958,3.73,39.7306209,-104.9992768,4.5
2624,Richbrau Brewing Company,1473,3.76,37.5313948,-77.42599589999999,0
2628,Right Brain Brewery,16503,4.0,44.7496372,-85.6193922,4.4
2633,Rising Tide Brewing Company,23639,4.0,43.6654737,-70.2572586,4.6
2634,River Bend Brewing Company,17978,4.0,43.59637490000001,-114.3467965,3.5
2635,River City Brewing Company,1614,3.27,30.3199851,-81.6610987,3.8
2636,River City Brewing Company,5410,4.06,30.3199851,-81.6610987,3.8
2637,River House Brewpub,22661,3.82,40.9695988,-76.876465,4.7
2638,River Market Brewing Company,2145,3.56,39.110027,-94.579975,4.7
2639,Riverhead Brewery Limited,3614,3.5,44.2727077,-76.5674574,4.8
2640,Riverport Brewing Company,19580,3.58,46.4247375,-117.0500555,4.8
2641,Riverside Brewery And Restaurant,13879,3.41,43.4214821,-88.18112149999999,4.4
2643,Rivertowne Pourhouse,16110,3.97,40.4464045,-79.7642468,4.1
2645,Roanoke Railhouse Brewery,19340,3.6,37.243908,-79.96301,0
2648,Roc Brewing Company,25812,3.0,43.1533777,-77.5975522,4.6
2649,Rock Art Brewery,1805,3.7,44.5581922,-72.6088839,4.9
2654,Rockmill Brewery,23737,4.06,39.748262,-82.7097866,4.7
2656,Rocky Mountain Brewing,19634,3.88,38.8412875,-104.7163843,4.6
2657,Rocky River Brewing,1090,3.73,41.4608615,-81.8560749,4.5
2658,Rocky Run Tap And Grill,4860,3.7,39.1985484,-76.8199848,0
2659,Rocky Run Tap And Grill,8423,3.69,39.1985484,-76.8199848,0
2660,Rockyard Brewing,3353,3.67,39.4092384,-104.8698593,4
2665,Rolling Meadows Brewery,26548,3.9,39.87129760000001,-89.7303694,4.5
2667,Rome Brewing Company,2873,4.17,34.254699,-85.172128,5
2669,Roosters Brewing Company and Restaurant,12059,3.36,41.083443,-111.978976,4.1
2670,Roosters Brewing Company and Restaurant,13423,3.82,41.083443,-111.978976,4.1
2671,Roots Organic Brewery,10996,3.67,45.5118541,-122.6585571,4
2675,Roslyn Brewing,1604,3.76,47.222051,-120.994933,4.6
2676,Ross Valley Brewing Company,819,3.96,37.9859758,-122.5839888,4.3
2678,Roth Brewing Company,22994,3.73,35.8965383,-78.74410449999999,4.6
2680,Round Barn Brewery,11882,3.68,41.9213773,-86.4538307,4
2681,Round Guys Brewing Company,27844,5.0,40.243531,-75.287725,4.5
2682,Route 66 Brewery,594,3.87,35.1379642,-107.8241506,4.6
2683,Roy Pitz Brewing Company,17034,3.75,39.9395238,-77.6562335,4.5
2684,Royal Oak Brewery,2351,3.71,42.487424,-83.1423749,4.2
2685,Rubicon Brewing Company,5337,3.86,38.5731152,-121.4810826,4.2
2686,Ruby Mountain Brewing,2311,3.52,41.0132122,-115.0072152,4.6
2689,Rumspringa Brewing Company,26645,3.67,40.039002,-76.1349,4.4
2690,Rush River Brewing Company,9877,3.79,44.8911054,-92.63866949999999,4.6
2692,Russian River Brewing Company,863,4.37,38.441804,-122.711642,4.6
2693,Rust Belt Brewing Company,19190,3.41,41.1019081,-80.65035309999999,3.8
2699,SKW Brewing,20009,2.38,44.6494332,-124.0524027,0
2700,SLO Brewing Company,255,3.83,35.2793674,-120.6641274,4
2707,Saint Arnold Brewing Company,337,3.85,29.771119,-95.34856599999999,4.7
2710,Saint Somewhere Brewing Company,16205,3.9,28.1459755,-82.7531195,4.8
2715,Salmon River Brewery,19911,3.82,44.9109022,-116.0972586,3.8
2721,San Francisco Brewing Company,3207,3.21,37.8058697,-122.4230558,4.1
2722,San Luis Valley Brewing Company,13760,3.71,37.4683105,-105.8668514,3.8
2724,San Pedro Brewing Company,1018,3.32,33.7385347,-118.2842157,4.4
2725,San Rafael Brewing Company,6895,2.5,37.9473862,-122.509629,3.7
2727,Sand Creek Brewing Company,789,3.61,44.292673,-90.851627,4.7
2730,Santa Barbara Brewing Company,2042,3.29,34.4167478,-119.6957697,4.1
2731,Santa Cruz Ale Works,16826,3.26,36.9865957,-122.0385709,4.6
2732,Santa Cruz Mountain Brewing,11580,3.04,36.9591246,-122.0481543,4.6
2733,Santa Fe Brewing Company,1683,3.68,35.6819111,-105.9431141,3
2734,Santa Monica Brewing Company,27944,3.0,34.025142,-118.476844,4.6
2738,Sarasota Brewing Company,1618,3.74,27.2597465,-82.51613739999999,4.3
2741,Saugatuck Brewing Company,11814,3.65,42.6325668,-86.2128604,4.4
2742,Sawdust City Brewing Company,26774,3.56,44.9219082,-79.3754044,4.7
2750,Schlafly Bottleworks,4358,3.94,38.6129656,-90.314849,4.4
2759,Schooner Exact Brewing Company,19764,3.86,47.56772,-122.335618,3.9
2764,Scuttlebutt Brewing Company,1397,3.61,48.000697,-122.217304,4.2
2765,Sea Dog Brewing Company,137,3.33,28.384681,-81.499313,4.1
2766,Seabright Brewery,4926,3.62,36.967518,-122.0084095,4.1
2769,Sebastopol Brewing Company,13399,3.0,38.40363139999999,-122.8212714,4.2
2770,Second Street Brewery,3797,3.85,35.655735,-105.996008,4.2
2771,Seneca Lodge Craft Brewing,26419,3.25,42.3692289,-76.87322209999999,4.4
2775,Seven Brides Brewing,18012,3.3,45.014014,-122.7850439,4.2
2776,Seven Bridges Grille And Brewery,3749,3.82,30.2617454,-81.55374259999999,4.2
2777,Seven Seas Brewery And Saloon Bar,14023,3.5,47.2421769,-122.4388206,4.6
2781,Shady Lady Beer Pty Ltd,27984,1.0,38.5701031,-121.4914456,4.5
2783,Shakespeare Tavern and Brewery,9274,3.12,33.76333839999999,-84.3869351,4.1
2787,ShawneeCraft Brewing Company,19321,4.12,41.0070012,-75.1109927,4.4
2789,Sheepscot Valley Brewing Company,2674,3.83,44.14501320000001,-69.6048794,4.3
2793,Sherwood Brewing Company,14563,3.84,42.6320266,-82.9750688,4.4
2801,Shooting Creek Farm Brewery,17893,3.6,36.9076853,-80.21861990000001,0
2802,Shoreline Brewery And Restaurant,11984,3.89,41.719527,-86.905976,4.3
2805,Sierra Madre Brewery,5134,2.8,34.1630195,-118.0515474,4.7
2807,Siletz Brewing And Public House,1453,3.37,44.7235101,-123.918306,3.5
2808,Silver Moon Brewing,10271,3.7,44.0601132,-121.3078027,4.3
2809,Silverado Brewing Company,9824,3.07,38.5242874,-122.4969248,4.5
2810,Silverton Brewery,11675,2.98,45.0045406,-122.7820418,4.5
2811,Six Rivers Brewery,4317,3.13,40.9260542,-124.1002266,4.2
2812,Six Row Brewing Company,21631,3.78,38.6335485,-90.23762099999999,4.1
2813,Sixpoint Brewery,10607,3.98,40.6740132,-74.0119108,4.6
2815,Skagit River Brewery,1394,3.7,48.41927,-122.3355,3.9
2819,Skookum Brewery,15824,3.84,48.15888169999999,-122.1503047,4.6
2820,Skull Coast Brewing Company,22472,4.24,32.8735877,-79.9720038,4.7
2824,Skytop Steakhouse,11264,4.05,41.949737,-74.040571,2.8
2829,Slippery Pig Brewing,27004,2.0,47.7334066,-122.645925,4.4
2830,Sly Fox Brewing Company,1853,4.01,40.265147,-75.668328,4.7
2831,Sly Fox Brewing Company,10397,3.86,40.265147,-75.668328,4.7
2832,Small Town Brewery,24798,3.94,42.2742671,-88.1538396,4.5
2833,Smog City Brewing,27922,3.83,33.84695,-118.313563,4.7
2836,Smuttynose Brewing Company,141,3.92,42.945626,-70.854502,4.7
2837,Snowshoe Brewing Company,1528,3.63,38.2424056,-120.3616833,4
2840,SoCal Beer Company,25430,3.0,33.716353,-117.851777,4.4
2842,Socorro Springs Brewing Company,9368,3.8,34.0700433,-106.8925766,3.9
2844,Solvang Brewing Company,24477,2.17,34.59631359999999,-120.1436389,3.9
2845,Sonoma Chicken Coop,11494,3.83,37.3693,-121.9293572,1.9
2846,Sonoran Brewing Company,1071,3.67,33.4486643,-112.016724,4.6
2847,Sonoran Brewing Company,13564,3.23,33.4486643,-112.016724,4.6
2848,Soo Brewing Company,27029,3.8,46.50077599999999,-84.34826199999999,4.6
2849,Sound Brewery,25053,3.91,47.7429952,-122.6573184,4.2
2855,South Street Brewery,1659,3.87,38.029338,-78.482687,4.3
2856,Southampton Publick House,1628,4.0,40.8832561,-72.39153999999999,4
2857,Southern Appalachian Brewery,14745,4.12,35.3223504,-82.45915939999999,4.4
2859,Southern Oregon Brewing Company,17116,3.67,42.3478593,-122.902714,4.5
2860,Southern Star Brewing Company,16759,4.0,30.3584169,-95.4775214,4.8
2861,Southern Sun Pub and Brewery,3024,4.06,39.9843178,-105.2493687,4.6
2863,Southside Speakeasy And Brewpub,6068,3.61,44.904514,-123.0186825,4.4
2864,Spanish Springs Brewing Company,1616,3.46,39.531165,-119.765523,4.7
2866,Spearhead Brewing Company,25263,4.14,44.2411997,-76.5696841,4.8
2868,Spectrum Brewery,8958,4.25,35.0379972,-80.9615309,4.6
2872,Spider Bite Beer Company,27243,3.67,40.772735,-73.084188,4.7
2873,Spilker Ales,1903,3.58,40.5058411,-96.7070316,4.5
2877,Spoetzl Brewery,143,3.46,29.4332842,-97.16734059999999,4.8
2878,Sports Brew Pub,13315,3.5,42.2023007,-83.1513192,4.4
2882,Springfield Brewing Company,1483,3.94,37.2077538,-93.29589519999999,4.2
2884,Squam Brewing,23684,3.83,43.7488222,-71.61110049999999,0
2885,Square One Brewery,12881,3.86,38.6169723,-90.21103289999999,4.4
2886,Squatters Pub Brewery,7375,3.72,40.7625803,-111.8956931,4.3
2897,Standing Stone Brewing Company,2890,3.79,42.1976219,-122.7146115,4.1
2901,Starr Hill Brewery,13667,3.65,38.06921,-78.686689,4.6
2903,Stateline Brewery,16076,3.5,38.9577586,-119.9425548,3.8
2906,Steam Plant Grill,351,3.27,47.6550792,-117.424592,4.2
2907,Steam Whistle Brewing,730,3.66,43.640854,-79.385277,4.7
2908,Steamworks Brewing Company,3449,3.78,37.2723248,-107.8799998,4.5
2912,Steel Toe Brewing,26565,4.13,44.9413609,-93.3412154,4.7
2914,Stefani And Co,16033,4.0,42.6067669,-83.3422811,5
2921,Stevens Point Brewery,786,3.54,44.5103897,-89.5736285,4.7
2928,Stone Arch Brewpub,949,3.39,44.253229,-88.40325299999999,4.5
2929,Stone City Brewing,157,4.05,39.8037226,-82.8086837,0
2932,Stoney Creek Brewing Company,411,3.52,41.27481909999999,-72.8134048,4.4
2933,Storm Brewing,3445,3.86,49.282011,-123.070231,4.8
2934,Straight To Ale,22655,4.08,34.720852,-86.60708699999999,4.5
2936,Strange Brewing Company,23081,3.72,43.9853403,-77.3853886,5
2938,Stratford Brewing Company,10290,3.39,43.3681802,-80.98112710000001,4.8
2940,Straub Brewery,880,3.46,41.42762,-78.552915,4.9
2943,Suds Brothers Brewery,16455,3.75,39.1590389,-108.7326726,4.2
2944,Sudwerk,26376,3.75,38.547062,-121.725752,4.4
2945,Sudwerk Restaurant and Brewery,219,3.87,38.547062,-121.725752,4.4
2950,Summit Brewing Company,467,3.86,44.914066,-93.139609,4.6
2952,Sun Valley Brewing Company,1767,2.82,43.521052,-114.3158921,4
2956,Surf Brewery,25945,3.78,34.257856,-119.231119,4.6
2958,Surly Brewing Company,13014,4.26,44.9729768,-93.20981830000001,4.7
2960,Sutter Buttes Brewing,23697,4.25,39.1373135,-121.6151524,4.4
2963,Swan Brewery,574,2.59,28.0461385,-81.9580824,4.7
2964,SweetWater Brewing Company,273,3.89,33.8084282,-84.38065309999999,4.6
2965,Sweetwater Brewing Company,16949,3.62,33.8084282,-84.38065309999999,4.6
2967,Switchback Brewing Company,5691,3.8,44.4562079,-73.22073999999999,4.7
2969,Syracuse Suds Factory,4377,3.43,43.0481019,-76.1538678,3.2
2972,TableRock BrewPub,3264,3.83,43.6112459,-116.2065538,3.9
2979,Tamarack Brewing Company,16868,4.09,48.0161512,-114.2254217,4.7
2983,Taps Brewery,19654,2.92,33.7279452,-117.7882348,4.4
2985,Taylor Brewing Company,3922,3.07,40.6474183,-75.46752409999999,4.7
2989,Temecula Brewing Company,4740,3.7,33.4824121,-117.1437024,4.6
2992,Tenaya Creek Brewery,2312,3.58,36.176621,-115.1534972,4.6
2994,Tequesta Brewing Company,24836,4.15,26.9589966,-80.08406959999999,4.7
2995,Terminal Brewhouse,19136,3.99,35.0366309,-85.30709209999999,4.4
2996,Terminal Gravity Brewing Company,2098,3.75,45.418772,-117.271236,4.6
2997,Termini Brewing,15065,3.62,47.0356209,-122.8185419,4
3001,Thai Me Up,24056,5.0,40.427132,-79.973343,4.5
3005,The Bag and Kettle,4274,3.75,45.0535489,-70.3085199,4.4
3010,The Bier Brewery,24411,4.18,39.8756046,-86.0828565,4.7
3013,The Blind Pig Brewery,20982,4.2,40.1171577,-88.24337589999999,4.7
3014,The Boon Island Ale House,22777,4.25,43.2749784,-70.59786989999999,5
3015,The Brew Brothers,2307,3.78,39.8394874,-82.9966783,3.8
3018,The Brew Pub at Mohegan Sun,687,2.77,41.492334,-72.08779559999999,4.5
3020,The Brewerie At Union Station,14886,3.28,42.1208959,-80.08214819999999,4.4
3023,The Brewhouse At Eastlake,16591,3.17,32.653612,-116.954935,5
3024,The Bronx Brewery,27035,4.0,40.8019015,-73.91059899999999,4.6
3028,The Cambridge House,18359,4.0,41.965835,-72.792988,4.1
3032,The Civil Life Brewing Company,26824,3.96,38.590624,-90.257897,4.9
3033,The Commons Brewery,24862,3.83,45.5162908,-122.6590263,4.5
3034,The Defiant Brewing Company,14359,3.94,41.0584046,-74.022847,4.4
3035,The Dodging Duck Brewhaus,6339,3.63,29.7898028,-98.7259232,4.5
3042,The Griswold Inn,25386,3.5,41.351348,-72.38683499999999,4.5
3044,The Grumpy Troll Restaurant and Brewery,2946,3.9,43.0081013,-89.7381977,4.5
3048,The Idle Brewery,21040,2.5,32.7838312,-96.7853974,4.4
3050,The Kingston Brewing Company,4035,3.55,44.22920329999999,-76.4812378,4.5
3051,The Lab Gastropub,19553,2.67,34.0199032,-118.2805194,4
3053,The Lion Brewery Restaurant,6326,3.01,43.4668796,-80.52322509999999,4.1
3055,The Livery,12547,3.84,42.11809100000001,-86.45369000000001,4.5
3057,The Lucky Monk,21683,3.76,42.0709691,-88.14458599999999,4.5
3061,The Olde Burnside Brewing Company,823,3.88,41.7850618,-72.6007556,5
3062,The Olde Heidelberg Tavern and Brew Pub,8923,2.75,43.520293,-80.619682,4.2
3063,The Olde Mecklenburg Brewery,19247,4.16,35.1873485,-80.8818733,4.5
3064,The Olde Stone Brewing Company,5696,3.52,44.3052747,-78.31983799999999,4.5
3065,The Phoenix Ale Brewery,26382,2.85,33.4485369,-112.0167303,4.6
3068,The Prodigal Son Brewery,22589,4.04,45.67318359999999,-118.7847851,4.4
3069,The Pump Room,16070,3.33,33.787346,-117.869176,4.4
3071,The Rileys Brewing Company,27276,3.25,36.9745921,-120.022396,4.4
3072,The Ruddy Duck Brewery And Grill,20400,3.55,38.350609,-76.457322,4.4
3073,The Scalehouse Brewpub,16828,3.0,42.479457,-76.477715,4.2
3074,The Seven Barrel Brewery,1482,3.81,43.6306012,-72.3198991,4.4
3077,The Tap Brewing Company,3185,3.97,42.7727232,-71.0852745,4.3
3084,The Wrecking Bar,25800,4.09,33.762272,-84.349701,4.7
3086,Third Street Aleworks,3776,3.95,38.4398345,-122.7125642,4.4
3087,Thirsty Bear Brewing Company,910,3.63,37.7854819,-122.3995991,3.9
3089,Thirsty Dog Brewing Company,12516,3.89,41.0671697,-81.5173398,4.5
3090,Thirsty Pagan Brewing,4835,3.49,46.7269111,-92.1021164,4.5
3091,Thirsty Planet Brewing Company,23090,3.64,30.1755719,-97.7833058,4.6
3093,Thomas Creek Brewery,2454,3.51,34.7966674,-82.4233466,4.7
3097,Thr3e Wise Men,24444,4.07,39.869421,-86.140774,4.1
3101,Three Heads Brewing,24355,3.83,43.156232,-77.579702,4.6
3102,Three Pints Brewpub,24835,4.0,39.677991,-86.3701849,3.4
3104,Three Rivers Eatery And Brewhouse,10543,3.77,36.7288682,-108.205411,4.3
3106,Throwback Brewery,24690,3.89,42.9810948,-70.8345561,4.6
3107,Thunder Bay Brewing Company,10122,4.12,48.4169298,-89.24363869999999,4.8
3110,Thunderhead Brewing Company,461,3.84,40.696793,-99.080867,4.5
3112,Tighthead Brewing Company,27021,4.0,42.2659618,-87.9987469,4.8
3113,Times Square Brewery,9045,3.22,40.7561682,-73.98456399999999,3.9
3114,Tin Mill Brewing,15696,3.69,38.70609320000001,-91.4331813,3.8
3115,Tin Roof Brewing Company,24488,3.96,30.4326913,-91.18915439999999,4.6
3120,Titanic Brewing Company,1622,3.81,25.7106168,-80.2830472,4.4
3121,Titletown Brewing Company,2772,4.02,44.519456,-88.017771,4.5
3126,Tommyknocker Brewery,156,3.47,39.7416177,-105.5176646,4.4
3129,Top of the Hill Restaurant and Brewery,1862,3.76,35.9129465,-79.05535809999999,4.3
3130,Toppling Goliath Brewing Company,23222,4.27,43.2739945,-91.7263179,4.6
3137,Trailhead Brewing Company,582,3.42,38.7742201,-90.4845612,3.8
3139,Trapp Family Lodge Brewery,22512,4.2,44.4704194,-72.7352264,4.5
3146,Trinity Brewhouse,456,3.66,41.822429,-71.416733,4.3
3147,Trinity Brewing Company,18120,3.72,38.8974503,-104.8543389,4.1
3148,Triple 7 Restaurant and Brewery,2315,3.73,36.1742122,-115.1452704,4.2
3149,Triple J Chophouse And Brew Co,14660,3.74,33.5785833,-101.8440415,4.4
3150,Triple Voodoo Brewing,25032,3.95,37.76121,-122.388459,4.3
3153,Triton Brewing Company,27037,3.92,39.860189,-86.007047,4
3159,Troy Pub And Brewery,614,3.66,42.735771,-73.687704,4.4
3161,Trumer Brauerei Berkeley,11017,4.09,37.8770567,-122.3030363,4.4
3164,Tugboat Brewing Company,3452,3.25,45.5226867,-122.6781456,4.2
3173,Turtle Mountain Brewing Company,3792,3.81,35.2424975,-106.6649152,4.5
3175,Tustin Brewing Company,4555,3.45,33.7498508,-117.8107831,4.3
3176,Twelve String Brewing Company,27007,3.67,47.6773606,-117.2489264,4.7
3178,Twisted Pine Brewing Company,23,3.46,40.02076599999999,-105.251073,4.4
3179,Twisted X Brewing Company,25622,3.5,30.1650939,-98.0847367,4.4
3182,Two Goats Brewing,23134,4.06,42.4767089,-76.869776,4.7
3184,Tyranena Brewing Company,784,4.01,43.0862196,-88.896732,4.8
3185,US Border Brewery Cantina,1782,4.1,42.7895841,-71.2332958,4.4
3190,Uncommon Brewers,17962,3.59,36.9819604,-122.030982,5
3194,Union Barrel Works,15793,3.89,40.211985,-76.12344399999999,3.9
3197,Union Station Brewery,705,3.46,41.825567,-71.4140437,4
3198,United Brands Company,21678,1.88,34.0580533,-118.4450657,0
3200,Unity Vibration,27861,3.75,42.2398292,-83.5964762,4.8
3206,Upright Brewing Company,19866,4.02,45.534746,-122.6684662,4.7
3213,Valkyrie Brewing,683,3.36,45.2587907,-91.8180795,5
3215,Valley Brewing Company,5411,3.91,37.9727132,-121.300503,4.1
3216,Valley Forge Brewing Company,746,3.66,40.091529,-75.35023090000001,4.6
3219,Van Dyck Restaurant and Brewery,1643,3.75,42.8165275,-73.9431374,4.3
3220,Vancouver Island Brewery,492,3.72,48.4349119,-123.367684,4.4
3228,Vertigo Brewing,18816,3.9,45.531754,-122.895633,4.8
3238,Vintage Brewing Company,22243,3.78,43.050959,-89.473956,4.3
3241,Von Jakob Brewery,24751,3.25,37.6025425,-89.3246034,4
3242,Von Scheidt Brewing Company,23597,4.75,42.55571,-114.472287,4.9
3247,Wachusett Brewing Company,20,3.8,42.5584727,-71.8706864,4.6
3249,Wagner Valley Brewery,611,3.66,42.5719414,-76.85945699999999,4.6
3253,Wakonda Brewing Company,17270,3.6,43.98115869999999,-124.109359,0
3254,Walkabout Brewery,6924,3.78,42.3478593,-122.902714,4.5
3255,Walldorff Brewpub and Bistro,14177,3.55,42.64901,-85.287424,4.4
3257,Walnut Brewery,5892,3.73,40.017013,-105.280475,4.4
3259,Wandering Star Brewing Company,23694,3.86,42.4569034,-73.2115092,4.9
3260,War Horse Brewing Company,17140,3.66,42.8234105,-76.92295969999999,4.6
3267,Wasatch Brew Pub,7402,3.46,40.7249938,-111.8597991,4.3
3271,Weasel Boy Brewing Company,16285,3.93,39.9356394,-82.00974819999999,4.7
3272,Wedge Brewing Company,17287,3.97,35.5862285,-82.5663769,4.5
3275,Weiland Brewery Restaurant,3543,3.56,34.051477,-118.2567737,4.3
3276,Weiland Brewery Underground,15063,4.0,34.051477,-118.2567737,4.3
3282,Wellington County Brewery,618,3.72,43.533262,-80.32050799999999,4.9
3292,West Virginia Brewing Company,1901,3.85,39.630501,-79.958062,4.5
3295,Western Pacific Brewing And Dining,19570,3.7,39.5128497,-121.5517788,3.9
3304,White Birch Brewing,20417,3.64,42.7888712,-71.5194431,4.7
3305,White Bluffs Brewing Company,24517,4.0,46.3199895,-119.2998005,4.8
3306,White Dog Brewery,16432,3.25,45.679567,-111.0394056,4.2
3311,Whitefish Brewing Company,10524,3.0,48.4123168,-114.3371627,4.5
3315,Whitstran Brewing Company,9226,3.68,46.210328,-119.769886,4.1
3316,Whitstran Brewing Company,19868,3.17,46.210328,-119.769886,4.1
3325,Wild Heaven Craft Beers,23651,4.02,33.7764709,-84.2757169,4.6
3326,Wild River Brewery And Restaurant,9611,4.0,42.439074,-123.317694,4.3
3327,Wild Wolf Brewing Company,24180,3.92,37.8876801,-78.879995,3.9
3334,Williamsburg AleWerks,14952,3.81,37.320719,-76.7322882,4.7
3335,Williamsburg Brewing Company,1587,3.22,37.2721497,-76.6812818,4.7
3336,Williamsville Brewery,3416,3.5,42.9545085,-78.71405089999999,4.7
3337,Willoughby Brewing,1154,3.81,41.641663,-81.4054,4.1
3338,Willoughby Brewing Company,23247,4.5,41.641663,-81.4054,4.1
3339,Wimberley Brewing Company And Brewpub,19798,3.17,29.9407237,-98.0915813,3.9
3341,Wind River Brewing Company,13446,3.93,42.8663585,-109.8660034,4
3343,Wingman Brewers,24029,2.85,47.241094,-122.427364,4.6
3351,Wolf Brewing Company,3716,3.74,49.1418182,-123.9312287,4.6
3353,Wolf Hills Brewing Company,21257,4.03,36.7123056,-81.9656046,4.5
3355,Wolverine State Brewing Company,24808,3.96,42.269262,-83.7743996,4.6
3359,Woodstock Inn Brewery,1251,3.55,44.0324305,-71.6869123,4.4
3360,Woodward Avenue Brewers,2091,3.57,42.459635,-83.133343,4.2
3364,Worth Brewing Company,16118,4.39,43.4439459,-93.220067,4.9
3371,Wynkoop Brewing Company,986,3.6,39.7534005,-104.9984882,4.1
3373,Yak and Yeti,19114,4.11,28.358763,-81.589533,4.2
3374,Yamhill Brewing Company,12698,2.4,45.515904,-122.6656431,4.2
3379,Yazoo Brewing Company,9020,3.86,36.151225,-86.782068,4.5
3383,Yellowhammer Brewing,24814,4.1,34.7216253,-86.60541429999999,4.7
3388,Yuengling Brewery ,23980,3.59,40.683249,-76.197799,4.8
3397,Zion Canyon Brewing Company,16867,3.95,37.1992144,-112.9889657,3.6
3402,barVolo,8446,3.64,43.6551924,-79.4146178,4.5
